Team,Year,Total Plays,Rush Plays,Pass Plays,Pass Attempts,Completions,Gross Pass Yards,Sacks,Sack Yards,Pass Touchdowns,Interceptions,Targets,WR Targets,TE Targets,RB Targets,Rush Yards,Rush Touchdowns,Pass Play %,Rush Play %,COMP%,Dead Plays,Yards/Sack,Net Pass Yards,Target %,WR TGT%,TE TGT%,RB TGT%,YPC,Touchdown %,YPA,Interception %,Gross Yards,Net Yards,TOTAL Touchdowns,Net Yards/Touchdown
ARI,2021,1126,496,630,591,415,4276,39,343,27,11,570,359,108,103,2076,23,56.0%,44.0%,70.2%,21,8.79,3933,96.4%,63.0%,18.9%,18.1%,4.19,4.57%,7.24,1.86%,6352,6009,50,120.18
ATL,2021,1006,393,613,573,377,3713,40,274,20,15,554,256,152,146,1451,11,60.9%,39.1%,65.8%,19,6.85,3439,96.7%,46.2%,27.4%,26.4%,3.69,3.49%,6.48,2.62%,5164,4890,31,157.74
BAL,2021,1185,517,668,611,396,3961,57,306,21,18,591,337,171,83,2479,18,56.4%,43.6%,64.8%,20,5.37,3655,96.7%,57.0%,28.9%,14.0%,4.79,3.44%,6.48,2.95%,6440,6134,39,157.28
BUF,2021,1143,461,682,655,415,4284,27,166,36,16,623,444,83,96,2209,20,59.7%,40.3%,63.4%,32,6.15,4118,95.1%,71.3%,13.3%,15.4%,4.79,5.50%,6.54,2.44%,6493,6327,56,112.98
CAR,2021,1106,455,651,599,337,3239,52,334,14,21,575,366,67,142,1842,17,58.9%,41.1%,56.3%,24,6.42,2905,96.0%,63.7%,11.7%,24.7%,4.05,2.34%,5.41,3.51%,5081,4747,31,153.13
CHI,2021,1075,475,600,542,332,3207,58,428,16,20,524,309,124,91,2018,14,55.8%,44.2%,61.3%,18,7.38,2779,96.7%,59.0%,23.7%,17.4%,4.25,2.95%,5.92,3.69%,5225,4797,30,159.90
CIN,2021,1046,436,610,555,384,4403,55,403,36,14,540,359,83,98,1742,16,58.3%,41.7%,69.2%,15,7.33,4000,97.3%,66.5%,15.4%,18.1%,4.00,6.49%,7.93,2.52%,6145,5742,52,110.42
CLE,2021,1054,485,569,520,320,3320,49,299,21,14,499,274,142,83,2471,20,54.0%,46.0%,61.5%,21,6.10,3021,96.0%,54.9%,28.5%,16.6%,5.09,4.04%,6.38,2.69%,5791,5492,41,133.95
DAL,2021,1153,473,680,647,444,4800,33,163,40,11,637,389,130,118,2119,15,59.0%,41.0%,68.6%,10,4.94,4637,98.5%,61.1%,20.4%,18.5%,4.48,6.18%,7.42,1.70%,6919,6756,55,122.84
DEN,2021,1036,455,581,541,354,3593,40,263,20,9,517,282,142,93,2025,16,56.1%,43.9%,65.4%,24,6.58,3330,95.6%,54.5%,27.5%,18.0%,4.45,3.70%,6.64,1.66%,5618,5355,36,148.75
DET,2021,1056,427,629,593,396,3598,36,286,23,14,565,323,113,129,1886,12,59.6%,40.4%,66.8%,28,7.94,3312,95.3%,57.2%,20.0%,22.8%,4.42,3.88%,6.07,2.36%,5484,5198,35,148.51
GB,2021,1072,446,626,593,402,4315,33,211,39,7,570,365,99,106,1900,13,58.4%,41.6%,67.8%,23,6.39,4104,96.1%,64.0%,17.4%,18.6%,4.26,6.58%,7.28,1.18%,6215,6004,52,115.46
HOU,2021,1010,420,590,546,354,3305,44,325,21,15,523,319,100,104,1422,8,58.4%,41.6%,64.8%,23,7.39,2980,95.8%,61.0%,19.1%,19.9%,3.39,3.85%,6.05,2.75%,4727,4402,29,151.79
IND,2021,1052,499,553,521,324,3361,32,227,27,8,502,286,103,113,2540,22,52.6%,47.4%,62.2%,19,7.09,3134,96.4%,57.0%,20.5%,22.5%,5.09,5.18%,6.45,1.54%,5901,5674,49,115.80
JAX,2021,1028,392,636,604,361,3436,32,238,12,17,583,422,68,93,1755,13,61.9%,38.1%,59.8%,21,7.44,3198,96.5%,72.4%,11.7%,16.0%,4.48,1.99%,5.69,2.81%,5191,4953,25,198.12
KC,2021,1134,431,703,675,448,4791,28,146,37,13,637,363,162,112,1955,16,62.0%,38.0%,66.4%,38,5.21,4645,94.4%,57.0%,25.4%,17.6%,4.54,5.48%,7.10,1.93%,6746,6600,53,124.53
LV,2021,1082,414,668,628,429,4567,40,241,23,14,603,317,141,145,1617,14,61.7%,38.3%,68.3%,25,6.03,4326,96.0%,52.6%,23.4%,24.0%,3.91,3.66%,7.27,2.23%,6184,5943,37,160.62
LAC,2021,1128,423,705,674,443,4800,31,214,38,15,659,391,137,131,1834,18,62.5%,37.5%,65.7%,15,6.90,4586,97.8%,59.3%,20.8%,19.9%,4.34,5.64%,7.12,2.23%,6634,6420,56,114.64
LAR,2021,1058,420,638,607,406,4642,31,251,41,18,602,432,94,76,1683,10,60.3%,39.7%,66.9%,5,8.10,4391,99.2%,71.8%,15.6%,12.6%,4.01,6.75%,7.65,2.97%,6325,6074,51,119.10
MIA,2021,1097,442,655,615,404,3651,40,285,21,14,599,329,174,96,1568,12,59.7%,40.3%,65.7%,16,7.13,3366,97.4%,54.9%,29.0%,16.0%,3.55,3.41%,5.94,2.28%,5219,4934,33,149.52
MIN,2021,1083,449,634,604,398,4238,30,212,34,7,578,366,90,122,1930,10,58.5%,41.5%,65.9%,26,7.07,4026,95.7%,63.3%,15.6%,21.1%,4.30,5.63%,7.02,1.16%,6168,5956,44,135.36
NE,2021,1052,489,563,535,364,3857,28,241,24,13,524,293,120,111,2151,24,53.5%,46.5%,68.0%,11,8.61,3616,97.9%,55.9%,22.9%,21.2%,4.40,4.49%,7.21,2.43%,6008,5767,48,120.15
NO,2021,1051,510,541,504,293,3186,37,251,29,13,474,296,70,108,1991,12,51.5%,48.5%,58.1%,30,6.78,2935,94.0%,62.4%,14.8%,22.8%,3.90,5.75%,6.32,2.58%,5177,4926,41,120.15
NYG,2021,1050,419,631,593,351,3196,38,267,15,20,564,327,121,116,1688,8,60.1%,39.9%,59.2%,29,7.03,2929,95.1%,58.0%,21.5%,20.6%,4.03,2.53%,5.39,3.37%,4884,4617,23,200.74
NYJ,2021,1036,380,656,603,357,3541,53,418,20,20,581,376,75,130,1667,14,63.3%,36.7%,59.2%,22,7.89,3123,96.4%,64.7%,12.9%,22.4%,4.39,3.32%,5.87,3.32%,5208,4790,34,140.88
PHI,2021,1075,550,525,494,307,3404,31,181,20,10,468,241,121,106,2715,25,48.8%,51.2%,62.1%,26,5.84,3223,94.7%,51.5%,25.9%,22.6%,4.94,4.05%,6.89,2.02%,6119,5938,45,131.96
PIT,2021,1113,411,702,664,425,3778,38,239,23,11,653,419,125,109,1583,10,63.1%,36.9%,64.0%,11,6.29,3539,98.3%,64.2%,19.1%,16.7%,3.85,3.46%,5.69,1.66%,5361,5122,33,155.21
SF,2021,1046,499,547,514,343,4221,33,216,26,14,497,293,105,99,2166,22,52.3%,47.7%,66.7%,17,6.55,4005,96.7%,59.0%,21.1%,19.9%,4.34,5.06%,8.21,2.72%,6387,6171,48,128.56
SEA,2021,954,413,541,495,324,3432,46,383,30,7,474,310,97,67,2074,18,56.7%,43.3%,65.5%,21,8.33,3049,95.8%,65.4%,20.5%,14.1%,5.02,6.06%,6.93,1.41%,5506,5123,48,106.73
TB,2021,1139,385,754,731,492,5229,23,154,43,12,716,409,169,138,1672,18,66.2%,33.8%,67.3%,15,6.70,5075,97.9%,57.1%,23.6%,19.3%,4.34,5.88%,7.15,1.64%,6901,6747,61,110.61
TEN,2021,1133,551,582,535,359,3418,47,327,22,14,522,312,64,146,2404,23,51.4%,48.6%,67.1%,13,6.96,3091,97.6%,59.8%,12.3%,28.0%,4.36,4.11%,6.39,2.62%,5822,5495,45,122.11
WSH,2021,1070,477,593,550,356,3441,43,305,21,15,534,308,99,127,2061,9,55.4%,44.6%,64.7%,16,7.09,3136,97.1%,57.7%,18.5%,23.8%,4.32,3.82%,6.26,2.73%,5502,5197,30,173.23
League AVG,2021,1076.5,452.9,623.6,584.8,378.4,3881.3,38.9,268.7,26.3,13.8,564.3,339.8,114.0,110.5,1959.2,15.7,57.9%,42.1%,64.7%,20.4,6.91,3612.7,96.5%,60.2%,20.2%,19.6%,4.33,4.49%,6.64,2.35%,5840.5,5571.9,41.9,132.96
ARI,2022,1144,434,710,664,433,3966,46,340,17,17,635,405,118,112,1873,15,62.1%,37.9%,65.2%,29,7.39,3626,95.6%,63.8%,18.6%,17.6%,4.32,2.56%,5.97,2.56%,5839,5499,32,171.84
ATL,2022,1011,559,452,415,257,2927,37,228,17,9,400,232,91,77,2718,17,44.7%,55.3%,61.9%,15,6.16,2699,96.4%,58.0%,22.8%,19.3%,4.86,4.10%,7.05,2.17%,5645,5417,34,159.32
BAL,2022,1052,526,526,488,300,3202,38,162,19,13,465,198,204,63,2720,14,50.0%,50.0%,61.5%,23,4.26,3040,95.3%,42.6%,43.9%,13.5%,5.17,3.89%,6.56,2.66%,5922,5760,33,174.55
BUF,2022,1037,430,607,574,361,4129,33,162,35,14,551,363,77,111,2232,15,58.5%,41.5%,62.9%,23,4.91,3967,96.0%,65.9%,14.0%,20.1%,5.19,6.10%,7.19,2.44%,6361,6199,50,123.98
CAR,2022,976,483,493,457,267,2996,36,250,16,13,427,265,77,85,2210,16,50.5%,49.5%,58.4%,30,6.94,2746,93.4%,62.1%,18.0%,19.9%,4.58,3.50%,6.56,2.84%,5206,4956,32,154.88
CHI,2022,993,558,435,377,223,2219,58,379,19,15,359,215,82,62,3014,18,43.8%,56.2%,59.2%,18,6.53,1840,95.2%,59.9%,22.8%,17.3%,5.40,5.04%,5.89,3.98%,5233,4854,37,131.19
CIN,2022,1053,399,654,610,418,4240,44,280,35,12,594,369,92,133,1528,14,62.1%,37.9%,68.5%,16,6.36,3960,97.4%,62.1%,15.5%,22.4%,3.83,5.74%,6.95,1.97%,5768,5488,49,112.00
CLE,2022,1116,532,584,540,335,3444,44,266,19,12,507,290,133,84,2490,19,52.3%,47.7%,62.0%,33,6.05,3178,93.9%,57.2%,26.2%,16.6%,4.68,3.52%,6.38,2.22%,5934,5668,38,149.16
DAL,2022,1114,531,583,556,355,3736,27,175,28,18,545,330,130,85,2298,24,52.3%,47.7%,63.8%,11,6.48,3561,98.0%,60.6%,23.9%,15.6%,4.33,5.04%,6.72,3.24%,6034,5859,52,112.67
DEN,2022,1078,444,634,571,345,3592,63,415,18,15,541,298,121,122,1935,11,58.8%,41.2%,60.4%,30,6.59,3177,94.7%,55.1%,22.4%,22.6%,4.36,3.15%,6.29,2.63%,5527,5112,29,176.28
DET,2022,1092,480,612,588,383,4281,24,163,29,7,564,356,93,115,2179,23,56.0%,44.0%,65.1%,24,6.79,4118,95.9%,63.1%,16.5%,20.4%,4.54,4.93%,7.28,1.19%,6460,6297,52,121.10
GB,2022,1051,456,595,563,364,3632,32,258,27,12,540,328,96,116,2113,12,56.6%,43.4%,64.7%,23,8.06,3374,95.9%,60.7%,17.8%,21.5%,4.63,4.80%,6.45,2.13%,5745,5487,39,140.69
HOU,2022,1015,398,617,579,352,3344,38,298,20,19,558,295,139,124,1476,7,60.8%,39.2%,60.8%,21,7.84,3046,96.4%,52.9%,24.9%,22.2%,3.71,3.45%,5.78,3.28%,4820,4522,27,167.48
IND,2022,1103,439,664,604,398,3432,60,422,17,29,579,348,108,123,1866,8,60.2%,39.8%,65.9%,25,7.03,3010,95.9%,60.1%,18.7%,21.2%,4.25,2.81%,5.68,4.80%,5298,4876,25,195.04
JAX,2022,1072,448,624,596,394,3959,28,189,25,9,574,369,123,82,2116,16,58.2%,41.8%,66.1%,22,6.75,3770,96.3%,64.3%,21.4%,14.3%,4.72,4.19%,6.64,1.51%,6075,5886,41,143.56
KC,2022,1094,417,677,651,435,5062,26,188,41,12,614,301,201,112,1970,18,61.9%,38.1%,66.8%,37,7.23,4874,94.3%,49.0%,32.7%,18.2%,4.72,6.30%,7.78,1.84%,7032,6844,59,116.00
LV,2022,1049,428,621,586,359,3934,35,248,28,17,557,350,97,110,2059,12,59.2%,40.8%,61.3%,29,7.09,3686,95.1%,62.8%,17.4%,19.7%,4.81,4.78%,6.71,2.90%,5993,5745,40,143.63
LAC,2022,1154,404,750,711,485,4584,39,207,26,10,687,383,126,178,1524,15,65.0%,35.0%,68.2%,24,5.31,4377,96.6%,55.7%,18.3%,25.9%,3.77,3.66%,6.45,1.41%,6108,5901,41,143.93
LAR,2022,1001,411,590,531,347,3108,59,398,16,15,517,332,121,64,1661,15,58.9%,41.1%,65.3%,14,6.75,2710,97.4%,64.2%,23.4%,12.4%,4.04,3.01%,5.85,2.82%,4769,4371,31,141.00
MIA,2022,1009,390,619,584,368,4511,35,254,30,15,562,374,75,113,1686,12,61.3%,38.7%,63.0%,22,7.26,4257,96.2%,66.5%,13.3%,20.1%,4.32,5.14%,7.72,2.57%,6197,5943,42,141.50
MIN,2022,1123,404,719,672,448,4484,47,334,30,15,641,407,146,88,1661,18,64.0%,36.0%,66.7%,31,7.11,4150,95.4%,63.5%,22.8%,13.7%,4.11,4.46%,6.67,2.23%,6145,5811,48,121.06
NE,2022,1006,425,581,540,358,3536,41,279,19,14,518,302,97,119,1812,12,57.8%,42.2%,66.3%,22,6.80,3257,95.9%,58.3%,18.7%,23.0%,4.26,3.52%,6.55,2.59%,5348,5069,31,163.52
NO,2022,1015,465,550,512,338,3692,38,277,24,14,493,284,102,107,1982,12,54.2%,45.8%,66.0%,19,7.29,3415,96.3%,57.6%,20.7%,21.7%,4.26,4.69%,7.21,2.73%,5674,5397,36,149.92
NYG,2022,1089,520,569,520,346,3157,49,274,17,6,489,315,57,117,2519,21,52.2%,47.8%,66.5%,31,5.59,2883,94.0%,64.4%,11.7%,23.9%,4.84,3.27%,6.07,1.15%,5676,5402,38,142.16
NYJ,2022,1074,405,669,627,357,3723,42,317,15,14,588,346,116,126,1686,13,62.3%,37.7%,56.9%,39,7.55,3406,93.8%,58.8%,19.7%,21.4%,4.16,2.39%,5.94,2.23%,5409,5092,28,181.86
PHI,2022,1124,544,580,536,350,4105,44,259,25,9,505,351,93,61,2509,32,51.6%,48.4%,65.3%,31,5.89,3846,94.2%,69.5%,18.4%,12.1%,4.61,4.66%,7.66,1.68%,6614,6355,57,111.49
PIT,2022,1109,500,609,571,364,3411,38,250,12,14,548,315,138,95,2073,16,54.9%,45.1%,63.7%,23,6.58,3161,96.0%,57.5%,25.2%,17.3%,4.15,2.10%,5.97,2.45%,5484,5234,28,186.93
SF,2022,1047,504,543,512,338,3856,31,193,30,9,504,296,98,110,2360,20,51.9%,48.1%,66.0%,8,6.23,3663,98.4%,58.7%,19.4%,21.8%,4.68,5.86%,7.53,1.76%,6216,6023,50,120.46
SEA,2022,1044,425,619,573,399,3934,46,348,30,12,553,333,136,84,2042,12,59.3%,40.7%,69.6%,20,7.57,3586,96.5%,60.2%,24.6%,15.2%,4.80,5.24%,6.87,2.09%,5976,5628,42,134.00
TB,2022,1159,386,773,751,499,4586,22,160,26,10,724,459,118,147,1308,5,66.7%,33.3%,66.4%,27,7.27,4426,96.4%,63.4%,16.3%,20.3%,3.39,3.46%,6.11,1.33%,5894,5734,31,184.97
TEN,2022,992,487,505,456,285,2914,49,313,16,11,436,229,122,85,2131,16,50.9%,49.1%,62.5%,20,6.39,2601,95.6%,52.5%,28.0%,19.5%,4.38,3.51%,6.39,2.41%,5045,4732,32,147.88
WSH,2022,1140,538,602,554,344,3472,48,311,24,16,531,312,98,121,2143,9,52.8%,47.2%,62.1%,23,6.48,3161,95.8%,58.8%,18.5%,22.8%,3.98,4.33%,6.27,2.89%,5615,5304,33,160.73
League AVG,2022,1066.8,461.6,605.2,564.7,362.7,3724.0,40.5,268.7,23.4,13.3,540.8,323.4,113.3,104.1,2059.2,15.2,56.7%,43.3%,64.2%,23.8,6.63,3455.3,95.8%,59.8%,20.9%,19.2%,4.46,4.15%,6.60,2.36%,5783.2,5514.5,38.7,142.66
ARI,2023,1068,471,597,555,355,3144,42,286,18,12,540,277,179,84,2365,17,55.9%,44.1%,64.0%,15,6.81,2858,97.3%,51.3%,33.1%,15.6%,5.02,3.24%,5.66,2.16%,5509,5223,35,149.23
ATL,2023,1092,522,570,530,327,3524,40,251,17,17,508,210,174,124,2159,14,52.2%,47.8%,61.7%,22,6.28,3273,95.8%,41.3%,34.3%,24.4%,4.14,3.21%,6.65,3.21%,5683,5432,31,175.23
BAL,2023,1076,541,535,494,328,3635,41,246,27,7,476,287,110,79,2661,26,49.7%,50.3%,66.4%,18,6.00,3389,96.4%,60.3%,23.1%,16.6%,4.92,5.47%,7.36,1.42%,6296,6050,53,114.15
BUF,2023,1115,512,603,579,385,4154,24,152,29,18,545,329,130,86,2212,22,54.1%,45.9%,66.5%,34,6.33,4002,94.1%,60.4%,23.9%,15.8%,4.32,5.01%,7.17,3.11%,6366,6214,51,121.84
CAR,2023,1096,445,651,586,350,2741,65,504,13,10,534,344,98,92,1769,7,59.4%,40.6%,59.7%,52,7.75,2237,91.1%,64.4%,18.4%,17.2%,3.98,2.22%,4.68,1.71%,4510,4006,20,200.30
CHI,2023,1097,534,563,513,321,3096,50,325,19,15,477,259,112,106,2399,16,51.3%,48.7%,62.6%,36,6.50,2771,93.0%,54.3%,23.5%,22.2%,4.49,3.70%,6.04,2.92%,5495,5170,35,147.71
CIN,2023,1048,383,665,615,420,3895,50,362,27,14,593,389,115,89,1527,12,63.5%,36.5%,68.3%,22,7.24,3533,96.4%,65.6%,19.4%,15.0%,3.99,4.39%,6.33,2.28%,5422,5060,39,129.74
CLE,2023,1187,518,669,624,355,3693,45,318,24,23,597,335,166,96,2017,15,56.4%,43.6%,56.9%,27,7.07,3375,95.7%,56.1%,27.8%,16.1%,3.89,3.85%,5.92,3.69%,5710,5392,39,138.26
DAL,2023,1122,468,654,614,428,4397,40,263,36,10,605,379,126,100,1920,14,58.3%,41.7%,69.7%,9,6.58,4134,98.5%,62.6%,20.8%,16.5%,4.10,5.86%,7.16,1.63%,6317,6054,50,121.08
DEN,2023,1016,451,565,513,337,3262,52,304,28,9,477,262,62,153,1810,8,55.6%,44.4%,65.7%,36,5.85,2958,93.0%,54.9%,13.0%,32.1%,4.01,5.46%,6.36,1.75%,5072,4768,36,132.44
DET,2023,1137,500,637,606,408,4401,31,205,30,12,574,336,136,102,2311,27,56.0%,44.0%,67.3%,32,6.61,4196,94.7%,58.5%,23.7%,17.8%,4.62,4.95%,7.26,1.98%,6712,6507,57,114.16
GB,2023,1052,441,611,581,374,3968,30,242,32,11,561,367,100,94,1905,10,58.1%,41.9%,64.4%,20,8.07,3726,96.6%,65.4%,17.8%,16.8%,4.32,5.51%,6.83,1.89%,5873,5631,42,134.07
HOU,2023,1083,444,639,592,372,4173,47,405,27,8,566,367,115,84,1647,10,59.0%,41.0%,62.8%,26,8.62,3768,95.6%,64.8%,20.3%,14.8%,3.71,4.56%,7.05,1.35%,5820,5415,37,146.35
IND,2023,1094,479,615,574,355,3666,41,216,18,10,546,344,119,83,2059,19,56.2%,43.8%,61.8%,28,5.27,3450,95.1%,63.0%,21.8%,15.2%,4.30,3.14%,6.39,1.74%,5725,5509,37,148.89
JAX,2023,1114,453,661,620,412,4126,41,251,22,14,607,349,167,91,1646,17,59.3%,40.7%,66.5%,13,6.12,3875,97.9%,57.5%,27.5%,15.0%,3.63,3.55%,6.65,2.26%,5772,5521,39,141.56
KC,2023,1080,417,663,635,421,4188,28,195,28,17,599,320,171,108,1784,9,61.4%,38.6%,66.3%,36,6.96,3993,94.3%,53.4%,28.5%,18.0%,4.28,4.41%,6.60,2.68%,5972,5777,37,156.14
LV,2023,1010,413,597,557,348,3380,40,286,20,18,531,359,73,99,1542,11,59.1%,40.9%,62.5%,26,7.15,3094,95.3%,67.6%,13.7%,18.6%,3.73,3.59%,6.07,3.23%,4922,4636,31,149.55
LAC,2023,1106,431,675,632,409,3957,43,355,24,8,614,387,133,94,1642,11,61.0%,39.0%,64.7%,18,8.26,3602,97.2%,63.0%,21.7%,15.3%,3.81,3.80%,6.26,1.27%,5599,5244,35,149.83
LAR,2023,1094,477,617,583,361,4063,34,237,26,13,555,398,88,69,2045,18,56.4%,43.6%,61.9%,28,6.97,3826,95.2%,71.7%,15.9%,12.4%,4.29,4.46%,6.97,2.23%,6108,5871,44,133.43
MIA,2023,1053,456,597,566,393,4698,31,184,30,15,549,372,52,125,2308,27,56.7%,43.3%,69.4%,17,5.94,4514,97.0%,67.8%,9.5%,22.8%,5.06,5.30%,8.30,2.65%,7006,6822,57,119.68
MIN,2023,1071,393,678,631,424,4700,47,341,30,19,606,337,179,90,1553,7,63.3%,36.7%,67.2%,25,7.26,4359,96.0%,55.6%,29.5%,14.9%,3.95,4.75%,7.45,3.01%,6253,5912,37,159.78
NE,2023,1020,415,605,557,351,3392,48,323,16,21,541,289,121,131,1627,9,59.3%,40.7%,63.0%,16,6.73,3069,97.1%,53.4%,22.4%,24.2%,3.92,2.87%,6.09,3.77%,5019,4696,25,187.84
NO,2023,1121,480,641,606,406,3990,35,235,28,11,579,320,131,128,1742,13,57.2%,42.8%,67.0%,27,6.71,3755,95.5%,55.3%,22.6%,22.1%,3.63,4.62%,6.58,1.82%,5732,5497,41,134.07
NYG,2023,1057,454,603,518,338,2886,85,465,15,12,485,280,107,98,1874,10,57.0%,43.0%,65.3%,33,5.47,2421,93.6%,57.7%,22.1%,20.2%,4.13,2.90%,5.57,2.32%,4760,4295,25,171.80
NYJ,2023,1053,388,665,601,356,2919,64,454,11,15,563,289,125,149,1647,7,63.2%,36.8%,59.2%,38,7.09,2465,93.7%,51.3%,22.2%,26.5%,4.24,1.83%,4.86,2.50%,4566,4112,18,228.44
PHI,2023,1112,510,602,563,369,3834,39,233,24,16,525,336,96,93,2190,22,54.1%,45.9%,65.5%,38,5.97,3601,93.3%,64.0%,18.3%,17.7%,4.29,4.26%,6.81,2.84%,6024,5791,46,125.89
PIT,2023,1029,487,542,506,323,3163,36,258,13,9,484,277,93,114,2010,16,52.7%,47.3%,63.8%,22,7.17,2905,95.7%,57.2%,19.2%,23.6%,4.13,2.57%,6.25,1.78%,5173,4915,29,169.48
SF,2023,1024,499,525,491,336,4384,34,193,33,12,471,264,95,112,2389,27,51.3%,48.7%,68.4%,20,5.68,4191,95.9%,56.1%,20.2%,23.8%,4.79,6.72%,8.93,2.44%,6773,6580,60,109.67
SEA,2023,995,382,613,575,371,3910,38,257,23,12,547,362,99,86,1580,11,61.6%,38.4%,64.5%,28,6.76,3653,95.1%,66.2%,18.1%,15.7%,4.14,4.00%,6.80,2.09%,5490,5233,34,153.91
TB,2023,1047,439,608,568,364,3812,40,232,28,10,550,375,81,94,1509,8,58.1%,41.9%,64.1%,18,5.80,3580,96.8%,68.2%,14.7%,17.1%,3.44,4.93%,6.71,1.76%,5321,5089,36,141.36
TEN,2023,1002,444,558,494,304,3067,64,445,14,11,478,274,98,106,1846,16,55.7%,44.3%,61.5%,16,6.95,2622,96.8%,57.3%,20.5%,22.2%,4.16,2.83%,6.21,2.23%,4913,4468,30,148.93
WSH,2023,1060,359,701,636,407,3725,65,449,24,21,601,372,121,108,1592,14,66.1%,33.9%,64.0%,35,6.91,3276,94.5%,61.9%,20.1%,18.0%,4.43,3.77%,5.86,3.30%,5317,4868,38,128.11
League AVG,2023,1072.8,456.4,616.4,572.3,369.0,3748.2,44.1,296.0,23.6,13.4,546.4,326.4,117.9,102.1,1915.2,14.7,57.5%,42.5%,64.5%,26.0,6.72,3452.2,95.5%,59.7%,21.6%,18.7%,4.20,4.12%,6.55,2.35%,5663.4,5367.4,38.3,140.33
ARI,2024,1036,463,573,543,374,3859,30,220,21,11,523,250,178,95,2451,18,55.3%,44.7%,68.9%,20,7.33,3639,96.3%,47.8%,34.0%,18.2%,5.29,3.87%,7.11,2.03%,6310,6090,39,156.15
ATL,2024,1086,495,591,559,364,4283,32,215,21,19,539,367,87,85,2219,18,54.4%,45.6%,65.1%,20,6.72,4068,96.4%,68.1%,16.1%,15.8%,4.48,3.76%,7.66,3.40%,6502,6287,39,161.21
BAL,2024,1055,554,501,477,318,4189,24,154,41,4,457,238,138,81,3189,21,47.5%,52.5%,66.7%,20,6.42,4035,95.8%,52.1%,30.2%,17.7%,5.76,8.60%,8.78,0.84%,7378,7224,62,116.52
BUF,2024,1025,491,534,520,329,3938,14,63,30,6,495,295,118,82,2230,32,52.1%,47.9%,63.3%,25,4.50,3875,95.2%,59.6%,23.8%,16.6%,4.54,5.77%,7.57,1.15%,6168,6105,62,98.47
CAR,2024,993,410,583,547,341,3411,36,223,22,15,518,342,86,90,1878,18,58.7%,41.3%,62.3%,29,6.19,3188,94.7%,66.0%,16.6%,17.4%,4.58,4.02%,6.24,2.74%,5289,5066,40,126.65
CHI,2024,1065,431,634,566,353,3552,68,466,20,7,527,380,70,77,1734,13,59.5%,40.5%,62.4%,39,6.85,3086,93.1%,72.1%,13.3%,14.6%,4.02,3.53%,6.28,1.24%,5286,4820,33,146.06
CIN,2024,1080,380,700,652,460,4918,48,278,43,9,629,373,155,101,1574,11,64.8%,35.2%,70.6%,23,5.79,4640,96.5%,59.3%,24.6%,16.1%,4.14,6.60%,7.54,1.38%,6492,6214,54,115.07
CLE,2024,1118,391,727,661,395,3879,66,373,19,23,634,381,166,87,1608,8,65.0%,35.0%,59.8%,27,5.65,3506,95.9%,60.1%,26.2%,13.7%,4.11,2.87%,5.87,3.48%,5487,5114,27,189.41
DAL,2024,1104,429,675,637,398,4092,38,230,23,14,622,400,136,86,1705,6,61.1%,38.9%,62.5%,15,6.05,3862,97.6%,64.3%,21.9%,13.8%,3.97,3.61%,6.42,2.20%,5797,5567,29,191.97
DEN,2024,1055,461,594,570,379,3808,24,198,30,12,549,360,72,117,1908,12,56.3%,43.7%,66.5%,21,8.25,3610,96.3%,65.6%,13.1%,21.3%,4.14,5.26%,6.68,2.11%,5716,5518,42,131.38
DET,2024,1118,534,584,551,399,4718,33,244,39,12,522,312,100,110,2488,29,52.2%,47.8%,72.4%,29,7.39,4474,94.7%,59.8%,19.2%,21.1%,4.66,7.08%,8.56,2.18%,7206,6962,68,102.38
GB,2024,1027,526,501,479,308,3939,22,132,28,11,464,306,86,72,2496,23,48.8%,51.2%,64.3%,15,6.00,3807,96.9%,65.9%,18.5%,15.5%,4.75,5.85%,8.22,2.30%,6435,6303,51,123.59
HOU,2024,1058,434,624,570,357,3952,54,426,20,12,547,342,110,95,1909,15,59.0%,41.0%,62.6%,23,7.89,3526,96.0%,62.5%,20.1%,17.4%,4.40,3.51%,6.93,2.11%,5861,5435,35,155.29
IND,2024,1041,496,545,513,289,3599,32,238,20,19,492,352,75,65,2331,20,52.4%,47.6%,56.3%,21,7.44,3361,95.9%,71.5%,15.2%,13.2%,4.70,3.90%,7.02,3.70%,5930,5692,40,142.30
JAX,2024,992,414,578,546,343,3717,32,240,19,15,522,302,137,83,1729,13,58.3%,41.7%,62.8%,24,7.50,3477,95.6%,57.9%,26.2%,15.9%,4.18,3.48%,6.81,2.75%,5446,5206,32,162.69
KC,2024,1091,450,641,600,404,4046,41,266,26,11,572,286,192,94,1790,15,58.8%,41.2%,67.3%,28,6.49,3780,95.3%,50.0%,33.6%,16.4%,3.98,4.33%,6.74,1.83%,5836,5570,41,135.85
LV,2024,1065,380,685,635,410,4117,50,320,19,16,592,282,198,112,1357,10,64.3%,35.7%,64.6%,43,6.40,3797,93.2%,47.6%,33.4%,18.9%,3.57,2.99%,6.48,2.52%,5474,5154,29,177.72
LAC,2024,1017,463,554,510,336,3901,44,272,23,3,491,323,108,60,1882,17,54.5%,45.5%,65.9%,19,6.18,3629,96.3%,65.8%,22.0%,12.2%,4.06,4.51%,7.65,0.59%,5783,5511,40,137.78
LAR,2024,1040,450,590,559,367,4096,31,228,22,9,541,403,83,55,1765,15,56.7%,43.3%,65.7%,18,7.35,3868,96.8%,74.5%,15.3%,10.2%,3.92,3.94%,7.33,1.61%,5861,5633,37,152.24
MIA,2024,1082,448,634,591,413,4036,43,299,22,10,568,286,151,131,1795,12,58.6%,41.4%,69.9%,23,6.95,3737,96.1%,50.4%,26.6%,23.1%,4.01,3.72%,6.83,1.69%,5831,5532,34,162.71
MIN,2024,1054,457,597,548,364,4379,49,336,35,12,517,314,117,86,1855,9,56.6%,43.4%,66.4%,31,6.86,4043,94.3%,60.7%,22.6%,16.6%,4.06,6.39%,7.99,2.19%,6234,5898,44,134.05
NE,2024,1027,446,581,529,342,3343,52,348,18,11,500,258,159,83,1969,11,56.6%,43.4%,64.7%,29,6.69,2995,94.5%,51.6%,31.8%,16.6%,4.41,3.40%,6.32,2.08%,5312,4964,29,171.17
NO,2024,1032,444,588,551,340,3730,37,242,21,12,517,238,144,135,1954,15,57.0%,43.0%,61.7%,34,6.54,3488,93.8%,46.0%,27.9%,26.1%,4.40,3.81%,6.77,2.18%,5684,5442,36,151.17
NYG,2024,1063,424,639,591,366,3521,48,293,15,13,554,402,64,88,1783,13,60.1%,39.9%,61.9%,37,6.10,3228,93.7%,72.6%,11.6%,15.9%,4.21,2.54%,5.96,2.20%,5304,5011,28,178.96
NYJ,2024,1010,363,647,607,385,4016,40,302,31,11,589,366,108,115,1561,8,64.1%,35.9%,63.4%,18,7.55,3714,97.0%,62.1%,18.3%,19.5%,4.30,5.11%,6.62,1.81%,5577,5275,39,135.26
PHI,2024,1114,621,493,448,303,3517,45,323,24,6,418,262,87,69,3048,29,44.3%,55.7%,67.6%,30,7.18,3194,93.3%,62.7%,20.8%,16.5%,4.91,5.36%,7.85,1.34%,6565,6242,53,117.77
PIT,2024,1081,533,548,499,321,3607,49,343,21,6,460,230,121,109,2166,14,50.7%,49.3%,64.3%,39,7.00,3264,92.2%,50.0%,26.3%,23.7%,4.06,4.21%,7.23,1.20%,5773,5430,35,155.14
SF,2024,1026,457,569,533,349,4424,36,190,23,16,513,312,110,91,2163,17,55.5%,44.5%,65.5%,20,5.28,4234,96.2%,60.8%,21.4%,17.7%,4.73,4.32%,8.30,3.00%,6587,6397,40,159.93
SEA,2024,1030,383,647,593,413,4379,54,359,21,16,569,345,114,110,1627,17,62.8%,37.2%,69.6%,24,6.65,4020,96.0%,60.6%,20.0%,19.3%,4.25,3.54%,7.38,2.70%,6006,5647,38,148.61
TB,2024,1094,483,611,571,408,4505,40,248,41,16,563,335,107,121,2536,16,55.9%,44.1%,71.5%,8,6.20,4257,98.6%,59.5%,19.0%,21.5%,5.25,7.18%,7.89,2.80%,7041,6793,57,119.18
TEN,2024,1032,450,582,530,336,3621,52,304,22,21,507,283,129,95,1855,11,56.4%,43.6%,63.4%,23,5.85,3317,95.7%,55.8%,25.4%,18.7%,4.12,4.15%,6.83,3.96%,5476,5172,33,156.73
WSH,2024,1101,526,575,525,365,3932,50,267,29,9,504,316,109,79,2619,25,52.2%,47.8%,69.5%,21,5.34,3665,96.0%,62.7%,21.6%,15.7%,4.98,5.52%,7.49,1.71%,6551,6284,54,116.37
League AVG,2024,1056.6,459.0,597.7,556.6,363.4,3969.5,41.1,270.0,25.3,12.1,531.7,320.0,119.2,92.5,2036.7,16.0,56.6%,43.4%,65.3%,24.9,6.58,3699.5,95.5%,60.2%,22.4%,17.4%,4.44,4.54%,7.13,2.17%,6006.2,5736.2,41.3,139.06
ARI,2025,1074,366,708,649,427,3955,59,399,29,11,617,275,218,124,1583,9,65.9%,34.1%,65.8%,32,6.76,3556,95.1%,44.6%,35.3%,20.1%,4.33,4.47%,6.09,1.69%,5538,5139,38,135.24
ATL,2025,1048,477,571,545,332,3523,26,180,19,8,519,273,127,119,2138,17,54.5%,45.5%,60.9%,26,6.92,3343,95.2%,52.6%,24.5%,22.9%,4.48,3.49%,6.46,1.47%,5661,5481,36,152.25
BAL,2025,974,507,467,422,278,2985,45,293,23,11,407,211,123,73,2662,23,47.9%,52.1%,65.9%,15,6.51,2692,96.4%,51.8%,30.2%,17.9%,5.25,5.45%,7.07,2.61%,5647,5354,46,116.39
BUF,2025,1082,547,535,495,344,3683,40,298,29,10,479,270,121,88,2714,30,49.4%,50.6%,69.5%,16,7.45,3385,96.8%,56.4%,25.3%,18.4%,4.96,5.86%,7.44,2.02%,6397,6099,59,103.37
CAR,2025,1011,461,550,515,329,3048,35,256,24,12,480,289,99,92,1977,9,54.4%,45.6%,63.9%,35,7.31,2792,93.2%,60.2%,20.6%,19.2%,4.29,4.66%,5.92,2.33%,5025,4769,33,144.52
CHI,2025,1103,505,598,574,334,3826,24,165,28,7,532,317,136,79,2456,19,54.2%,45.8%,58.2%,42,6.88,3661,92.7%,59.6%,25.6%,14.8%,4.86,4.88%,6.67,1.22%,6282,6117,47,130.15
CIN,2025,1057,381,676,640,412,4005,36,239,36,17,608,368,129,111,1591,11,64.0%,36.0%,64.4%,32,6.64,3766,95.0%,60.5%,21.2%,18.3%,4.18,5.63%,6.26,2.66%,5596,5357,47,113.98
CLE,2025,1030,421,609,558,323,2807,51,345,16,18,521,232,169,120,1649,10,59.1%,40.9%,57.9%,37,6.76,2462,93.4%,44.5%,32.4%,23.0%,3.92,2.87%,5.03,3.23%,4456,4111,26,158.12
DAL,2025,1120,465,655,624,404,4552,31,208,30,10,607,387,138,82,2136,18,58.5%,41.5%,64.7%,17,6.71,4344,97.3%,63.8%,22.7%,13.5%,4.59,4.81%,7.29,1.60%,6688,6480,48,135.00
DEN,2025,1092,456,636,613,388,3807,23,124,25,11,584,353,114,117,2018,18,58.2%,41.8%,63.3%,29,5.39,3683,95.3%,60.4%,19.5%,20.0%,4.43,4.08%,6.21,1.79%,5825,5701,43,132.58
DET,2025,1063,442,621,582,394,4303,39,264,35,8,550,335,92,123,2041,21,58.4%,41.6%,67.7%,32,6.77,4039,94.5%,60.9%,16.7%,22.4%,4.62,6.01%,7.39,1.37%,6344,6080,56,108.57
GB,2025,1010,492,518,489,328,3617,29,228,26,7,460,284,98,78,2037,18,51.3%,48.7%,67.1%,29,7.86,3389,94.1%,61.7%,21.3%,17.0%,4.14,5.32%,7.40,1.43%,5654,5426,44,123.32
HOU,2025,1088,475,613,582,364,3707,31,249,24,9,553,346,130,77,1852,9,56.3%,43.7%,62.5%,29,8.03,3458,95.0%,62.6%,23.5%,13.9%,3.90,4.12%,6.37,1.55%,5559,5310,33,160.91
IND,2025,1018,442,576,547,360,3873,29,212,25,14,530,314,139,77,2007,27,56.6%,43.4%,65.8%,17,7.31,3661,96.9%,59.2%,26.2%,14.5%,4.54,4.57%,7.08,2.56%,5880,5668,52,109.00
JAX,2025,1093,489,604,563,344,3779,41,247,29,12,547,364,105,78,1956,22,55.3%,44.7%,61.1%,16,6.02,3532,97.2%,66.5%,19.2%,14.3%,4.00,5.15%,6.71,2.13%,5735,5488,51,107.61
KC,2025,1061,430,631,584,363,3639,47,308,23,12,549,313,147,89,1812,15,59.5%,40.5%,62.2%,35,6.55,3331,94.0%,57.0%,26.8%,16.2%,4.21,3.94%,6.23,2.05%,5451,5143,38,135.34
LV,2025,948,369,579,515,340,2851,64,464,20,19,494,243,156,95,1317,5,61.1%,38.9%,66.0%,21,7.25,2387,95.9%,49.2%,31.6%,19.2%,3.57,3.88%,5.54,3.69%,4168,3704,25,148.16
LAC,2025,1095,466,629,569,367,3608,60,345,26,14,544,371,99,74,2067,10,57.4%,42.6%,64.5%,25,5.75,3263,95.6%,68.2%,18.2%,13.6%,4.44,4.57%,6.34,2.46%,5675,5330,36,148.06
LAR,2025,1086,465,621,598,396,4557,23,150,46,8,581,367,150,64,2152,17,57.2%,42.8%,66.2%,17,6.52,4407,97.2%,63.2%,25.8%,11.0%,4.63,7.69%,7.62,1.34%,6709,6559,63,104.11
MIA,2025,949,432,517,479,322,3068,38,254,23,18,462,246,102,114,2044,14,54.5%,45.5%,67.2%,17,6.68,2814,96.5%,53.2%,22.1%,24.7%,4.73,4.80%,6.41,3.76%,5112,4858,37,131.30
MIN,2025,954,410,544,484,298,2834,60,374,18,21,468,294,94,80,1841,15,57.0%,43.0%,61.6%,16,6.23,2460,96.7%,62.8%,20.1%,17.1%,4.49,3.72%,5.86,4.34%,4675,4301,33,130.33
NE,2025,1044,494,550,502,361,4258,48,201,31,8,483,285,113,85,2191,22,52.7%,47.3%,71.9%,19,4.19,4057,96.2%,59.0%,23.4%,17.6%,4.44,6.18%,8.48,1.59%,6449,6248,53,117.89
NO,2025,1075,435,640,591,397,3728,49,299,19,12,565,346,142,77,1603,9,59.5%,40.5%,67.2%,26,6.10,3429,95.6%,61.2%,25.1%,13.6%,3.69,3.21%,6.31,2.03%,5331,5032,28,179.71
NYG,2025,1085,511,574,526,323,3474,48,229,21,10,503,302,102,99,2195,22,52.9%,47.1%,61.4%,23,4.77,3245,95.6%,60.0%,20.3%,19.7%,4.30,3.99%,6.60,1.90%,5669,5440,43,126.51
NYJ,2025,1010,456,554,494,298,2385,60,399,15,13,472,273,106,93,2096,11,54.9%,45.1%,60.3%,22,6.65,1986,95.5%,57.8%,22.5%,19.7%,4.60,3.04%,4.83,2.63%,4481,4082,26,157.00
PHI,2025,1010,478,532,497,318,3303,35,195,26,7,464,291,104,69,1988,17,52.7%,47.3%,64.0%,33,5.57,3108,93.4%,62.7%,22.4%,14.9%,4.16,5.23%,6.65,1.41%,5291,5096,43,118.51
PIT,2025,988,407,581,550,365,3440,31,192,26,9,522,235,155,132,1756,16,58.8%,41.2%,66.4%,28,6.19,3248,94.9%,45.0%,29.7%,25.3%,4.31,4.73%,6.25,1.64%,5196,5004,42,119.14
SF,2025,1082,481,601,574,398,4157,27,161,33,16,550,251,130,169,1817,15,55.5%,44.5%,69.3%,24,5.96,3996,95.8%,45.6%,23.6%,30.7%,3.78,5.75%,7.24,2.79%,5974,5813,48,121.10
SEA,2025,1015,507,508,481,325,3877,27,186,25,15,455,290,102,63,2096,19,50.0%,50.0%,67.6%,26,6.89,3691,94.6%,63.7%,22.4%,13.8%,4.13,5.20%,8.06,3.12%,5973,5787,44,131.52
TB,2025,1068,472,596,558,351,3500,38,255,26,11,541,364,86,91,1947,13,55.8%,44.2%,62.9%,17,6.71,3245,97.0%,67.3%,15.9%,16.8%,4.13,4.66%,6.27,1.97%,5447,5192,39,133.13
TEN,2025,1004,378,626,570,340,2824,56,417,15,8,530,297,140,93,1589,9,62.4%,37.6%,59.6%,40,7.45,2407,93.0%,56.0%,26.4%,17.5%,4.20,2.63%,4.95,1.40%,4413,3996,24,166.50
WSH,2025,990,484,506,469,287,3129,37,200,19,12,432,273,104,55,2290,20,51.1%,48.9%,61.2%,37,5.41,2929,92.1%,63.2%,24.1%,12.7%,4.73,4.05%,6.67,2.56%,5419,5219,39,133.82
League AVG,2025,1041.5,456.3,585.2,545.0,350.3,3565.7,40.2,260.5,25.3,11.8,519.0,301.8,124.1,93.1,1988.1,15.9,56.2%,43.8%,64.3%,25.9,6.48,3305.2,95.2%,58.2%,23.9%,17.9%,4.36,4.64%,6.54,2.17%,5553.8,5293.3,41.3,128.32